archetype_id,trade,request_code,request_label,change_type,hours_low,hours_mid,hours_high,rate_usd,rate_source,fee_low_usd,fee_mid_usd,fee_high_usd,date_shift_days,absorb_unpaid_risk,default_move,pause_if_unsigned,fee_formula
SCA-001,web_design,extra_page,Add one more page / screen,add,2.6,3.5,4.7,105,"WhatShouldICharge 2026 median, Web Developers $105/hr",273,368,494,2,low,change_order,no,round(hours * rate_usd)
SCA-002,web_design,extra_revision_round,Another full revision round,add,3.0,4.0,5.4,105,"WhatShouldICharge 2026 median, Web Developers $105/hr",315,420,567,2,med,change_order,no,round(hours * rate_usd)
SCA-003,web_design,rush_48h,Compress remaining work into 48 hours,add,4.5,6.0,8.1,105,"WhatShouldICharge 2026 median, Web Developers $105/hr",472,630,850,-3,med,change_order,yes,round(hours * rate_usd)
SCA-004,web_design,new_stakeholder_review,Add a second approver mid-stream,add,2.2,3.0,4.1,105,"WhatShouldICharge 2026 median, Web Developers $105/hr",231,315,430,2,low,change_order,no,round(hours * rate_usd)
SCA-005,web_design,competitor_feature_clone,Match a competitor feature not in the brief,add,7.5,10.0,13.5,105,"WhatShouldICharge 2026 median, Web Developers $105/hr",788,1050,1418,8,high,change_order,yes,round(hours * rate_usd)
SCA-006,web_design,cms_blog,Add a blog / CMS after a static sale,add,6.9,9.2,12.4,105,"WhatShouldICharge 2026 median, Web Developers $105/hr",724,966,1302,4,high,change_order,yes,round(hours * rate_usd)
SCA-007,web_design,auth_login,Add member login / accounts,add,13.8,18.4,24.8,105,"WhatShouldICharge 2026 median, Web Developers $105/hr",1449,1932,2604,8,high,change_order,yes,round(hours * rate_usd)
SCA-008,web_design,extra_language,Second language of all copy,add,5.2,7.0,9.5,105,"WhatShouldICharge 2026 median, Web Developers $105/hr",546,735,998,4,med,change_order,yes,round(hours * rate_usd)
SCA-009,web_design,brand_refresh_midjob,New colors/type after design lock,add,4.9,6.5,8.8,105,"WhatShouldICharge 2026 median, Web Developers $105/hr",514,682,924,4,med,change_order,yes,round(hours * rate_usd)
SCA-010,web_design,source_files,Hand over working files not in the license,add,1.5,2.0,2.7,105,"WhatShouldICharge 2026 median, Web Developers $105/hr",158,210,284,0,low,log_only,no,round(hours * rate_usd)
SCA-011,web_design,unlimited_stock,Buy and retouch extra stock the brief excluded,add,2.6,3.5,4.7,105,"WhatShouldICharge 2026 median, Web Developers $105/hr",273,368,494,2,low,change_order,no,round(hours * rate_usd)
SCA-012,web_design,on_site_day,Add an on-site day,add,6.0,8.0,10.8,105,"WhatShouldICharge 2026 median, Web Developers $105/hr",630,840,1134,4,high,change_order,yes,round(hours * rate_usd)
SCA-013,web_design,training_call,Teach their staff the system,add,1.9,2.5,3.4,105,"WhatShouldICharge 2026 median, Web Developers $105/hr",200,262,357,0,low,log_only,no,round(hours * rate_usd)
SCA-014,web_design,analytics_setup,Add tracking / events after launch,add,3.0,4.0,5.4,105,"WhatShouldICharge 2026 median, Web Developers $105/hr",315,420,567,2,med,change_order,no,round(hours * rate_usd)
SCA-015,web_design,seo_pack,On-page SEO not in the original scope,add,3.8,5.0,6.8,105,"WhatShouldICharge 2026 median, Web Developers $105/hr",399,525,714,2,med,change_order,no,round(hours * rate_usd)
SCA-016,web_design,print_adapt,Adapt the digital work to print sizes,add,3.4,4.5,6.1,105,"WhatShouldICharge 2026 median, Web Developers $105/hr",357,472,640,2,med,change_order,no,round(hours * rate_usd)
SCA-017,graphic_design,extra_page,Add one more page / screen,add,2.6,3.5,4.7,75,"WhatShouldICharge 2026 median, Graphic Designers $75/hr",195,262,352,2,low,change_order,no,round(hours * rate_usd)
SCA-018,graphic_design,extra_revision_round,Another full revision round,add,3.0,4.0,5.4,75,"WhatShouldICharge 2026 median, Graphic Designers $75/hr",225,300,405,2,med,change_order,no,round(hours * rate_usd)
SCA-019,graphic_design,rush_48h,Compress remaining work into 48 hours,add,4.5,6.0,8.1,75,"WhatShouldICharge 2026 median, Graphic Designers $75/hr",338,450,608,-3,med,change_order,yes,round(hours * rate_usd)
SCA-020,graphic_design,new_stakeholder_review,Add a second approver mid-stream,add,2.2,3.0,4.1,75,"WhatShouldICharge 2026 median, Graphic Designers $75/hr",165,225,308,2,low,change_order,no,round(hours * rate_usd)
SCA-021,graphic_design,competitor_feature_clone,Match a competitor feature not in the brief,add,7.5,10.0,13.5,75,"WhatShouldICharge 2026 median, Graphic Designers $75/hr",562,750,1012,8,high,change_order,yes,round(hours * rate_usd)
SCA-022,graphic_design,cms_blog,Add a blog / CMS after a static sale,add,1.8,2.4,3.2,75,"WhatShouldICharge 2026 median, Graphic Designers $75/hr",135,180,240,0,low,log_only,no,round(hours * rate_usd)
SCA-023,graphic_design,auth_login,Add member login / accounts,add,3.0,4.0,5.4,75,"WhatShouldICharge 2026 median, Graphic Designers $75/hr",225,300,405,2,med,change_order,no,round(hours * rate_usd)
SCA-024,graphic_design,extra_language,Second language of all copy,add,5.2,7.0,9.5,75,"WhatShouldICharge 2026 median, Graphic Designers $75/hr",390,525,712,4,med,change_order,yes,round(hours * rate_usd)
SCA-025,graphic_design,brand_refresh_midjob,New colors/type after design lock,add,4.9,6.5,8.8,75,"WhatShouldICharge 2026 median, Graphic Designers $75/hr",368,488,660,4,med,change_order,yes,round(hours * rate_usd)
SCA-026,graphic_design,source_files,Hand over working files not in the license,add,1.5,2.0,2.7,75,"WhatShouldICharge 2026 median, Graphic Designers $75/hr",112,150,202,0,low,log_only,no,round(hours * rate_usd)
SCA-027,graphic_design,unlimited_stock,Buy and retouch extra stock the brief excluded,add,2.6,3.5,4.7,75,"WhatShouldICharge 2026 median, Graphic Designers $75/hr",195,262,352,2,low,change_order,no,round(hours * rate_usd)
SCA-028,graphic_design,on_site_day,Add an on-site day,add,6.0,8.0,10.8,75,"WhatShouldICharge 2026 median, Graphic Designers $75/hr",450,600,810,4,high,change_order,yes,round(hours * rate_usd)
SCA-029,graphic_design,training_call,Teach their staff the system,add,1.9,2.5,3.4,75,"WhatShouldICharge 2026 median, Graphic Designers $75/hr",142,188,255,0,low,log_only,no,round(hours * rate_usd)
SCA-030,graphic_design,analytics_setup,Add tracking / events after launch,add,3.0,4.0,5.4,75,"WhatShouldICharge 2026 median, Graphic Designers $75/hr",225,300,405,2,med,change_order,no,round(hours * rate_usd)
SCA-031,graphic_design,seo_pack,On-page SEO not in the original scope,add,3.8,5.0,6.8,75,"WhatShouldICharge 2026 median, Graphic Designers $75/hr",285,375,510,2,med,change_order,no,round(hours * rate_usd)
SCA-032,graphic_design,print_adapt,Adapt the digital work to print sizes,add,3.4,4.5,6.1,75,"WhatShouldICharge 2026 median, Graphic Designers $75/hr",255,338,458,2,med,change_order,no,round(hours * rate_usd)
SCA-033,copywriting,extra_page,Add one more page / screen,add,2.1,2.8,3.8,85,"WhatShouldICharge 2026 median, Copywriters $85/hr",178,238,323,0,low,log_only,no,round(hours * rate_usd)
SCA-034,copywriting,extra_revision_round,Another full revision round,add,3.0,4.0,5.4,85,"WhatShouldICharge 2026 median, Copywriters $85/hr",255,340,459,2,med,change_order,no,round(hours * rate_usd)
SCA-035,copywriting,rush_48h,Compress remaining work into 48 hours,add,4.5,6.0,8.1,85,"WhatShouldICharge 2026 median, Copywriters $85/hr",382,510,688,-3,med,change_order,yes,round(hours * rate_usd)
SCA-036,copywriting,new_stakeholder_review,Add a second approver mid-stream,add,2.2,3.0,4.1,85,"WhatShouldICharge 2026 median, Copywriters $85/hr",187,255,348,2,low,change_order,no,round(hours * rate_usd)
SCA-037,copywriting,competitor_feature_clone,Match a competitor feature not in the brief,add,7.5,10.0,13.5,85,"WhatShouldICharge 2026 median, Copywriters $85/hr",638,850,1148,8,high,change_order,yes,round(hours * rate_usd)
SCA-038,copywriting,cms_blog,Add a blog / CMS after a static sale,add,6.0,8.0,10.8,85,"WhatShouldICharge 2026 median, Copywriters $85/hr",510,680,918,4,high,change_order,yes,round(hours * rate_usd)
SCA-039,copywriting,auth_login,Add member login / accounts,add,3.0,4.0,5.4,85,"WhatShouldICharge 2026 median, Copywriters $85/hr",255,340,459,2,med,change_order,no,round(hours * rate_usd)
SCA-040,copywriting,extra_language,Second language of all copy,add,5.2,7.0,9.5,85,"WhatShouldICharge 2026 median, Copywriters $85/hr",442,595,808,4,med,change_order,yes,round(hours * rate_usd)
SCA-041,copywriting,brand_refresh_midjob,New colors/type after design lock,add,4.9,6.5,8.8,85,"WhatShouldICharge 2026 median, Copywriters $85/hr",417,552,748,4,med,change_order,yes,round(hours * rate_usd)
SCA-042,copywriting,source_files,Hand over working files not in the license,add,1.5,2.0,2.7,85,"WhatShouldICharge 2026 median, Copywriters $85/hr",128,170,230,0,low,log_only,no,round(hours * rate_usd)
SCA-043,copywriting,unlimited_stock,Buy and retouch extra stock the brief excluded,add,2.6,3.5,4.7,85,"WhatShouldICharge 2026 median, Copywriters $85/hr",221,298,400,2,low,change_order,no,round(hours * rate_usd)
SCA-044,copywriting,on_site_day,Add an on-site day,add,2.4,3.2,4.3,85,"WhatShouldICharge 2026 median, Copywriters $85/hr",204,272,366,2,low,change_order,no,round(hours * rate_usd)
SCA-045,copywriting,training_call,Teach their staff the system,add,1.9,2.5,3.4,85,"WhatShouldICharge 2026 median, Copywriters $85/hr",162,212,289,0,low,log_only,no,round(hours * rate_usd)
SCA-046,copywriting,analytics_setup,Add tracking / events after launch,add,3.0,4.0,5.4,85,"WhatShouldICharge 2026 median, Copywriters $85/hr",255,340,459,2,med,change_order,no,round(hours * rate_usd)
SCA-047,copywriting,seo_pack,On-page SEO not in the original scope,add,3.8,5.0,6.8,85,"WhatShouldICharge 2026 median, Copywriters $85/hr",323,425,578,2,med,change_order,no,round(hours * rate_usd)
SCA-048,copywriting,print_adapt,Adapt the digital work to print sizes,add,3.4,4.5,6.1,85,"WhatShouldICharge 2026 median, Copywriters $85/hr",289,382,518,2,med,change_order,no,round(hours * rate_usd)
SCA-049,video_edit,extra_page,Add one more page / screen,add,2.6,3.5,4.7,85,"WhatShouldICharge 2026 median, Video Editors $85/hr",221,298,400,2,low,change_order,no,round(hours * rate_usd)
SCA-050,video_edit,extra_revision_round,Another full revision round,add,3.0,4.0,5.4,85,"WhatShouldICharge 2026 median, Video Editors $85/hr",255,340,459,2,med,change_order,no,round(hours * rate_usd)
SCA-051,video_edit,rush_48h,Compress remaining work into 48 hours,add,4.5,6.0,8.1,85,"WhatShouldICharge 2026 median, Video Editors $85/hr",382,510,688,-3,med,change_order,yes,round(hours * rate_usd)
SCA-052,video_edit,new_stakeholder_review,Add a second approver mid-stream,add,2.2,3.0,4.1,85,"WhatShouldICharge 2026 median, Video Editors $85/hr",187,255,348,2,low,change_order,no,round(hours * rate_usd)
SCA-053,video_edit,competitor_feature_clone,Match a competitor feature not in the brief,add,7.5,10.0,13.5,85,"WhatShouldICharge 2026 median, Video Editors $85/hr",638,850,1148,8,high,change_order,yes,round(hours * rate_usd)
SCA-054,video_edit,cms_blog,Add a blog / CMS after a static sale,add,6.0,8.0,10.8,85,"WhatShouldICharge 2026 median, Video Editors $85/hr",510,680,918,4,high,change_order,yes,round(hours * rate_usd)
SCA-055,video_edit,auth_login,Add member login / accounts,add,12.0,16.0,21.6,85,"WhatShouldICharge 2026 median, Video Editors $85/hr",1020,1360,1836,8,high,change_order,yes,round(hours * rate_usd)
SCA-056,video_edit,extra_language,Second language of all copy,add,5.2,7.0,9.5,85,"WhatShouldICharge 2026 median, Video Editors $85/hr",442,595,808,4,med,change_order,yes,round(hours * rate_usd)
SCA-057,video_edit,brand_refresh_midjob,New colors/type after design lock,add,4.9,6.5,8.8,85,"WhatShouldICharge 2026 median, Video Editors $85/hr",417,552,748,4,med,change_order,yes,round(hours * rate_usd)
SCA-058,video_edit,source_files,Hand over working files not in the license,add,1.5,2.0,2.7,85,"WhatShouldICharge 2026 median, Video Editors $85/hr",128,170,230,0,low,log_only,no,round(hours * rate_usd)
SCA-059,video_edit,unlimited_stock,Buy and retouch extra stock the brief excluded,add,2.6,3.5,4.7,85,"WhatShouldICharge 2026 median, Video Editors $85/hr",221,298,400,2,low,change_order,no,round(hours * rate_usd)
SCA-060,video_edit,on_site_day,Add an on-site day,add,6.0,8.0,10.8,85,"WhatShouldICharge 2026 median, Video Editors $85/hr",510,680,918,4,high,change_order,yes,round(hours * rate_usd)
SCA-061,video_edit,training_call,Teach their staff the system,add,1.9,2.5,3.4,85,"WhatShouldICharge 2026 median, Video Editors $85/hr",162,212,289,0,low,log_only,no,round(hours * rate_usd)
SCA-062,video_edit,analytics_setup,Add tracking / events after launch,add,3.0,4.0,5.4,85,"WhatShouldICharge 2026 median, Video Editors $85/hr",255,340,459,2,med,change_order,no,round(hours * rate_usd)
SCA-063,video_edit,seo_pack,On-page SEO not in the original scope,add,3.8,5.0,6.8,85,"WhatShouldICharge 2026 median, Video Editors $85/hr",323,425,578,2,med,change_order,no,round(hours * rate_usd)
SCA-064,video_edit,print_adapt,Adapt the digital work to print sizes,add,3.4,4.5,6.1,85,"WhatShouldICharge 2026 median, Video Editors $85/hr",289,382,518,2,med,change_order,no,round(hours * rate_usd)
SCA-065,dev_wordpress,extra_page,Add one more page / screen,add,2.6,3.5,4.7,65,"TryPros 2026 median, WordPress Development $65/hr",169,228,306,2,low,change_order,no,round(hours * rate_usd)
SCA-066,dev_wordpress,extra_revision_round,Another full revision round,add,3.0,4.0,5.4,65,"TryPros 2026 median, WordPress Development $65/hr",195,260,351,2,med,change_order,no,round(hours * rate_usd)
SCA-067,dev_wordpress,rush_48h,Compress remaining work into 48 hours,add,4.5,6.0,8.1,65,"TryPros 2026 median, WordPress Development $65/hr",292,390,526,-3,med,change_order,yes,round(hours * rate_usd)
SCA-068,dev_wordpress,new_stakeholder_review,Add a second approver mid-stream,add,2.2,3.0,4.1,65,"TryPros 2026 median, WordPress Development $65/hr",143,195,266,2,low,change_order,no,round(hours * rate_usd)
SCA-069,dev_wordpress,competitor_feature_clone,Match a competitor feature not in the brief,add,7.5,10.0,13.5,65,"TryPros 2026 median, WordPress Development $65/hr",488,650,878,8,high,change_order,yes,round(hours * rate_usd)
SCA-070,dev_wordpress,cms_blog,Add a blog / CMS after a static sale,add,6.9,9.2,12.4,65,"TryPros 2026 median, WordPress Development $65/hr",448,598,806,4,high,change_order,yes,round(hours * rate_usd)
SCA-071,dev_wordpress,auth_login,Add member login / accounts,add,13.8,18.4,24.8,65,"TryPros 2026 median, WordPress Development $65/hr",897,1196,1612,8,high,change_order,yes,round(hours * rate_usd)
SCA-072,dev_wordpress,extra_language,Second language of all copy,add,5.2,7.0,9.5,65,"TryPros 2026 median, WordPress Development $65/hr",338,455,618,4,med,change_order,yes,round(hours * rate_usd)
SCA-073,dev_wordpress,brand_refresh_midjob,New colors/type after design lock,add,4.9,6.5,8.8,65,"TryPros 2026 median, WordPress Development $65/hr",318,422,572,4,med,change_order,yes,round(hours * rate_usd)
SCA-074,dev_wordpress,source_files,Hand over working files not in the license,add,1.5,2.0,2.7,65,"TryPros 2026 median, WordPress Development $65/hr",98,130,176,0,low,log_only,no,round(hours * rate_usd)
SCA-075,dev_wordpress,unlimited_stock,Buy and retouch extra stock the brief excluded,add,2.6,3.5,4.7,65,"TryPros 2026 median, WordPress Development $65/hr",169,228,306,2,low,change_order,no,round(hours * rate_usd)
SCA-076,dev_wordpress,on_site_day,Add an on-site day,add,6.0,8.0,10.8,65,"TryPros 2026 median, WordPress Development $65/hr",390,520,702,4,high,change_order,yes,round(hours * rate_usd)
SCA-077,dev_wordpress,training_call,Teach their staff the system,add,1.9,2.5,3.4,65,"TryPros 2026 median, WordPress Development $65/hr",124,162,221,0,low,log_only,no,round(hours * rate_usd)
SCA-078,dev_wordpress,analytics_setup,Add tracking / events after launch,add,3.0,4.0,5.4,65,"TryPros 2026 median, WordPress Development $65/hr",195,260,351,2,med,change_order,no,round(hours * rate_usd)
SCA-079,dev_wordpress,seo_pack,On-page SEO not in the original scope,add,3.8,5.0,6.8,65,"TryPros 2026 median, WordPress Development $65/hr",247,325,442,2,med,change_order,no,round(hours * rate_usd)
SCA-080,dev_wordpress,print_adapt,Adapt the digital work to print sizes,add,3.4,4.5,6.1,65,"TryPros 2026 median, WordPress Development $65/hr",221,292,396,2,med,change_order,no,round(hours * rate_usd)
SCA-081,dev_app,extra_page,Add one more page / screen,add,2.6,3.5,4.7,140,"WhatShouldICharge 2026 median, Software Developers $140/hr",364,490,658,2,low,change_order,no,round(hours * rate_usd)
SCA-082,dev_app,extra_revision_round,Another full revision round,add,3.0,4.0,5.4,140,"WhatShouldICharge 2026 median, Software Developers $140/hr",420,560,756,2,med,change_order,no,round(hours * rate_usd)
SCA-083,dev_app,rush_48h,Compress remaining work into 48 hours,add,4.5,6.0,8.1,140,"WhatShouldICharge 2026 median, Software Developers $140/hr",630,840,1134,-3,med,change_order,yes,round(hours * rate_usd)
SCA-084,dev_app,new_stakeholder_review,Add a second approver mid-stream,add,2.2,3.0,4.1,140,"WhatShouldICharge 2026 median, Software Developers $140/hr",308,420,574,2,low,change_order,no,round(hours * rate_usd)
SCA-085,dev_app,competitor_feature_clone,Match a competitor feature not in the brief,add,7.5,10.0,13.5,140,"WhatShouldICharge 2026 median, Software Developers $140/hr",1050,1400,1890,8,high,change_order,yes,round(hours * rate_usd)
SCA-086,dev_app,cms_blog,Add a blog / CMS after a static sale,add,6.9,9.2,12.4,140,"WhatShouldICharge 2026 median, Software Developers $140/hr",966,1288,1736,4,high,change_order,yes,round(hours * rate_usd)
SCA-087,dev_app,auth_login,Add member login / accounts,add,13.8,18.4,24.8,140,"WhatShouldICharge 2026 median, Software Developers $140/hr",1932,2576,3472,8,high,change_order,yes,round(hours * rate_usd)
SCA-088,dev_app,extra_language,Second language of all copy,add,5.2,7.0,9.5,140,"WhatShouldICharge 2026 median, Software Developers $140/hr",728,980,1330,4,med,change_order,yes,round(hours * rate_usd)
SCA-089,dev_app,brand_refresh_midjob,New colors/type after design lock,add,4.9,6.5,8.8,140,"WhatShouldICharge 2026 median, Software Developers $140/hr",686,910,1232,4,med,change_order,yes,round(hours * rate_usd)
SCA-090,dev_app,source_files,Hand over working files not in the license,add,1.5,2.0,2.7,140,"WhatShouldICharge 2026 median, Software Developers $140/hr",210,280,378,0,low,log_only,no,round(hours * rate_usd)
SCA-091,dev_app,unlimited_stock,Buy and retouch extra stock the brief excluded,add,2.6,3.5,4.7,140,"WhatShouldICharge 2026 median, Software Developers $140/hr",364,490,658,2,low,change_order,no,round(hours * rate_usd)
SCA-092,dev_app,on_site_day,Add an on-site day,add,2.4,3.2,4.3,140,"WhatShouldICharge 2026 median, Software Developers $140/hr",336,448,602,2,low,change_order,no,round(hours * rate_usd)
SCA-093,dev_app,training_call,Teach their staff the system,add,1.9,2.5,3.4,140,"WhatShouldICharge 2026 median, Software Developers $140/hr",266,350,476,0,low,log_only,no,round(hours * rate_usd)
SCA-094,dev_app,analytics_setup,Add tracking / events after launch,add,3.0,4.0,5.4,140,"WhatShouldICharge 2026 median, Software Developers $140/hr",420,560,756,2,med,change_order,no,round(hours * rate_usd)
SCA-095,dev_app,seo_pack,On-page SEO not in the original scope,add,3.8,5.0,6.8,140,"WhatShouldICharge 2026 median, Software Developers $140/hr",532,700,952,2,med,change_order,no,round(hours * rate_usd)
SCA-096,dev_app,print_adapt,Adapt the digital work to print sizes,add,1.0,1.3,1.8,140,"WhatShouldICharge 2026 median, Software Developers $140/hr",140,182,252,0,low,log_only,no,round(hours * rate_usd)
SCA-097,photography,extra_page,Add one more page / screen,add,2.6,3.5,4.7,150,"WhatShouldICharge 2026 median, Photographers $150/hr",390,525,705,2,low,change_order,no,round(hours * rate_usd)
SCA-098,photography,extra_revision_round,Another full revision round,add,3.0,4.0,5.4,150,"WhatShouldICharge 2026 median, Photographers $150/hr",450,600,810,2,med,change_order,no,round(hours * rate_usd)
SCA-099,photography,rush_48h,Compress remaining work into 48 hours,add,4.5,6.0,8.1,150,"WhatShouldICharge 2026 median, Photographers $150/hr",675,900,1215,-3,med,change_order,yes,round(hours * rate_usd)
SCA-100,photography,new_stakeholder_review,Add a second approver mid-stream,add,2.2,3.0,4.1,150,"WhatShouldICharge 2026 median, Photographers $150/hr",330,450,615,2,low,change_order,no,round(hours * rate_usd)
SCA-101,photography,competitor_feature_clone,Match a competitor feature not in the brief,add,7.5,10.0,13.5,150,"WhatShouldICharge 2026 median, Photographers $150/hr",1125,1500,2025,8,high,change_order,yes,round(hours * rate_usd)
SCA-102,photography,cms_blog,Add a blog / CMS after a static sale,add,1.8,2.4,3.2,150,"WhatShouldICharge 2026 median, Photographers $150/hr",270,360,480,0,low,log_only,no,round(hours * rate_usd)
SCA-103,photography,auth_login,Add member login / accounts,add,3.0,4.0,5.4,150,"WhatShouldICharge 2026 median, Photographers $150/hr",450,600,810,2,med,change_order,no,round(hours * rate_usd)
SCA-104,photography,extra_language,Second language of all copy,add,5.2,7.0,9.5,150,"WhatShouldICharge 2026 median, Photographers $150/hr",780,1050,1425,4,med,change_order,yes,round(hours * rate_usd)
SCA-105,photography,brand_refresh_midjob,New colors/type after design lock,add,4.9,6.5,8.8,150,"WhatShouldICharge 2026 median, Photographers $150/hr",735,975,1320,4,med,change_order,yes,round(hours * rate_usd)
SCA-106,photography,source_files,Hand over working files not in the license,add,1.5,2.0,2.7,150,"WhatShouldICharge 2026 median, Photographers $150/hr",225,300,405,0,low,log_only,no,round(hours * rate_usd)
SCA-107,photography,unlimited_stock,Buy and retouch extra stock the brief excluded,add,2.6,3.5,4.7,150,"WhatShouldICharge 2026 median, Photographers $150/hr",390,525,705,2,low,change_order,no,round(hours * rate_usd)
SCA-108,photography,on_site_day,Add an on-site day,add,6.0,8.0,10.8,150,"WhatShouldICharge 2026 median, Photographers $150/hr",900,1200,1620,4,high,change_order,yes,round(hours * rate_usd)
SCA-109,photography,training_call,Teach their staff the system,add,1.9,2.5,3.4,150,"WhatShouldICharge 2026 median, Photographers $150/hr",285,375,510,0,low,log_only,no,round(hours * rate_usd)
SCA-110,photography,analytics_setup,Add tracking / events after launch,add,3.0,4.0,5.4,150,"WhatShouldICharge 2026 median, Photographers $150/hr",450,600,810,2,med,change_order,no,round(hours * rate_usd)
SCA-111,photography,seo_pack,On-page SEO not in the original scope,add,1.9,2.5,3.4,150,"WhatShouldICharge 2026 median, Photographers $150/hr",285,375,510,0,low,log_only,no,round(hours * rate_usd)
SCA-112,photography,print_adapt,Adapt the digital work to print sizes,add,3.4,4.5,6.1,150,"WhatShouldICharge 2026 median, Photographers $150/hr",510,675,915,2,med,change_order,no,round(hours * rate_usd)
SCA-113,bookkeeping,extra_page,Add one more page / screen,add,2.6,3.5,4.7,45,"TryPros 2026 median, Bookkeeping $45/hr",117,158,212,2,low,change_order,no,round(hours * rate_usd)
SCA-114,bookkeeping,extra_revision_round,Another full revision round,add,3.0,4.0,5.4,45,"TryPros 2026 median, Bookkeeping $45/hr",135,180,243,2,med,change_order,no,round(hours * rate_usd)
SCA-115,bookkeeping,rush_48h,Compress remaining work into 48 hours,add,4.5,6.0,8.1,45,"TryPros 2026 median, Bookkeeping $45/hr",202,270,364,-3,med,change_order,yes,round(hours * rate_usd)
SCA-116,bookkeeping,new_stakeholder_review,Add a second approver mid-stream,add,2.2,3.0,4.1,45,"TryPros 2026 median, Bookkeeping $45/hr",99,135,184,2,low,change_order,no,round(hours * rate_usd)
SCA-117,bookkeeping,competitor_feature_clone,Match a competitor feature not in the brief,add,7.5,10.0,13.5,45,"TryPros 2026 median, Bookkeeping $45/hr",338,450,608,8,high,change_order,yes,round(hours * rate_usd)
SCA-118,bookkeeping,cms_blog,Add a blog / CMS after a static sale,add,1.8,2.4,3.2,45,"TryPros 2026 median, Bookkeeping $45/hr",81,108,144,0,low,log_only,no,round(hours * rate_usd)
SCA-119,bookkeeping,auth_login,Add member login / accounts,add,3.0,4.0,5.4,45,"TryPros 2026 median, Bookkeeping $45/hr",135,180,243,2,med,change_order,no,round(hours * rate_usd)
SCA-120,bookkeeping,extra_language,Second language of all copy,add,5.2,7.0,9.5,45,"TryPros 2026 median, Bookkeeping $45/hr",234,315,428,4,med,change_order,yes,round(hours * rate_usd)
SCA-121,bookkeeping,brand_refresh_midjob,New colors/type after design lock,add,4.9,6.5,8.8,45,"TryPros 2026 median, Bookkeeping $45/hr",221,292,396,4,med,change_order,yes,round(hours * rate_usd)
SCA-122,bookkeeping,source_files,Hand over working files not in the license,add,1.5,2.0,2.7,45,"TryPros 2026 median, Bookkeeping $45/hr",68,90,122,0,low,log_only,no,round(hours * rate_usd)
SCA-123,bookkeeping,unlimited_stock,Buy and retouch extra stock the brief excluded,add,2.6,3.5,4.7,45,"TryPros 2026 median, Bookkeeping $45/hr",117,158,212,2,low,change_order,no,round(hours * rate_usd)
SCA-124,bookkeeping,on_site_day,Add an on-site day,add,2.4,3.2,4.3,45,"TryPros 2026 median, Bookkeeping $45/hr",108,144,194,2,low,change_order,no,round(hours * rate_usd)
SCA-125,bookkeeping,training_call,Teach their staff the system,add,1.9,2.5,3.4,45,"TryPros 2026 median, Bookkeeping $45/hr",86,112,153,0,low,log_only,no,round(hours * rate_usd)
SCA-126,bookkeeping,analytics_setup,Add tracking / events after launch,add,3.0,4.0,5.4,45,"TryPros 2026 median, Bookkeeping $45/hr",135,180,243,2,med,change_order,no,round(hours * rate_usd)
SCA-127,bookkeeping,seo_pack,On-page SEO not in the original scope,add,3.8,5.0,6.8,45,"TryPros 2026 median, Bookkeeping $45/hr",171,225,306,2,med,change_order,no,round(hours * rate_usd)
SCA-128,bookkeeping,print_adapt,Adapt the digital work to print sizes,add,1.0,1.3,1.8,45,"TryPros 2026 median, Bookkeeping $45/hr",45,58,81,0,low,log_only,no,round(hours * rate_usd)
SCA-129,ui_ux,extra_page,Add one more page / screen,add,2.6,3.5,4.7,120,"WhatShouldICharge 2026 median, UI/UX Designers $120/hr",312,420,564,2,low,change_order,no,round(hours * rate_usd)
SCA-130,ui_ux,extra_revision_round,Another full revision round,add,3.0,4.0,5.4,120,"WhatShouldICharge 2026 median, UI/UX Designers $120/hr",360,480,648,2,med,change_order,no,round(hours * rate_usd)
SCA-131,ui_ux,rush_48h,Compress remaining work into 48 hours,add,4.5,6.0,8.1,120,"WhatShouldICharge 2026 median, UI/UX Designers $120/hr",540,720,972,-3,med,change_order,yes,round(hours * rate_usd)
SCA-132,ui_ux,new_stakeholder_review,Add a second approver mid-stream,add,2.2,3.0,4.1,120,"WhatShouldICharge 2026 median, UI/UX Designers $120/hr",264,360,492,2,low,change_order,no,round(hours * rate_usd)
SCA-133,ui_ux,competitor_feature_clone,Match a competitor feature not in the brief,add,7.5,10.0,13.5,120,"WhatShouldICharge 2026 median, UI/UX Designers $120/hr",900,1200,1620,8,high,change_order,yes,round(hours * rate_usd)
SCA-134,ui_ux,cms_blog,Add a blog / CMS after a static sale,add,6.0,8.0,10.8,120,"WhatShouldICharge 2026 median, UI/UX Designers $120/hr",720,960,1296,4,high,change_order,yes,round(hours * rate_usd)
SCA-135,ui_ux,auth_login,Add member login / accounts,add,12.0,16.0,21.6,120,"WhatShouldICharge 2026 median, UI/UX Designers $120/hr",1440,1920,2592,8,high,change_order,yes,round(hours * rate_usd)
SCA-136,ui_ux,extra_language,Second language of all copy,add,5.2,7.0,9.5,120,"WhatShouldICharge 2026 median, UI/UX Designers $120/hr",624,840,1140,4,med,change_order,yes,round(hours * rate_usd)
SCA-137,ui_ux,brand_refresh_midjob,New colors/type after design lock,add,4.9,6.5,8.8,120,"WhatShouldICharge 2026 median, UI/UX Designers $120/hr",588,780,1056,4,med,change_order,yes,round(hours * rate_usd)
SCA-138,ui_ux,source_files,Hand over working files not in the license,add,1.5,2.0,2.7,120,"WhatShouldICharge 2026 median, UI/UX Designers $120/hr",180,240,324,0,low,log_only,no,round(hours * rate_usd)
SCA-139,ui_ux,unlimited_stock,Buy and retouch extra stock the brief excluded,add,2.6,3.5,4.7,120,"WhatShouldICharge 2026 median, UI/UX Designers $120/hr",312,420,564,2,low,change_order,no,round(hours * rate_usd)
SCA-140,ui_ux,on_site_day,Add an on-site day,add,6.0,8.0,10.8,120,"WhatShouldICharge 2026 median, UI/UX Designers $120/hr",720,960,1296,4,high,change_order,yes,round(hours * rate_usd)
SCA-141,ui_ux,training_call,Teach their staff the system,add,1.9,2.5,3.4,120,"WhatShouldICharge 2026 median, UI/UX Designers $120/hr",228,300,408,0,low,log_only,no,round(hours * rate_usd)
SCA-142,ui_ux,analytics_setup,Add tracking / events after launch,add,3.0,4.0,5.4,120,"WhatShouldICharge 2026 median, UI/UX Designers $120/hr",360,480,648,2,med,change_order,no,round(hours * rate_usd)
SCA-143,ui_ux,seo_pack,On-page SEO not in the original scope,add,3.8,5.0,6.8,120,"WhatShouldICharge 2026 median, UI/UX Designers $120/hr",456,600,816,2,med,change_order,no,round(hours * rate_usd)
SCA-144,ui_ux,print_adapt,Adapt the digital work to print sizes,add,3.4,4.5,6.1,120,"WhatShouldICharge 2026 median, UI/UX Designers $120/hr",408,540,732,2,med,change_order,no,round(hours * rate_usd)
SCA-145,social_mgmt,extra_page,Add one more page / screen,add,2.6,3.5,4.7,85,"WhatShouldICharge 2026 median, Social Media Managers $85/hr",221,298,400,2,low,change_order,no,round(hours * rate_usd)
SCA-146,social_mgmt,extra_revision_round,Another full revision round,add,3.0,4.0,5.4,85,"WhatShouldICharge 2026 median, Social Media Managers $85/hr",255,340,459,2,med,change_order,no,round(hours * rate_usd)
SCA-147,social_mgmt,rush_48h,Compress remaining work into 48 hours,add,4.5,6.0,8.1,85,"WhatShouldICharge 2026 median, Social Media Managers $85/hr",382,510,688,-3,med,change_order,yes,round(hours * rate_usd)
SCA-148,social_mgmt,new_stakeholder_review,Add a second approver mid-stream,add,2.2,3.0,4.1,85,"WhatShouldICharge 2026 median, Social Media Managers $85/hr",187,255,348,2,low,change_order,no,round(hours * rate_usd)
SCA-149,social_mgmt,competitor_feature_clone,Match a competitor feature not in the brief,add,7.5,10.0,13.5,85,"WhatShouldICharge 2026 median, Social Media Managers $85/hr",638,850,1148,8,high,change_order,yes,round(hours * rate_usd)
SCA-150,social_mgmt,cms_blog,Add a blog / CMS after a static sale,add,6.0,8.0,10.8,85,"WhatShouldICharge 2026 median, Social Media Managers $85/hr",510,680,918,4,high,change_order,yes,round(hours * rate_usd)
SCA-151,social_mgmt,auth_login,Add member login / accounts,add,3.0,4.0,5.4,85,"WhatShouldICharge 2026 median, Social Media Managers $85/hr",255,340,459,2,med,change_order,no,round(hours * rate_usd)
SCA-152,social_mgmt,extra_language,Second language of all copy,add,5.2,7.0,9.5,85,"WhatShouldICharge 2026 median, Social Media Managers $85/hr",442,595,808,4,med,change_order,yes,round(hours * rate_usd)
SCA-153,social_mgmt,brand_refresh_midjob,New colors/type after design lock,add,4.9,6.5,8.8,85,"WhatShouldICharge 2026 median, Social Media Managers $85/hr",417,552,748,4,med,change_order,yes,round(hours * rate_usd)
SCA-154,social_mgmt,source_files,Hand over working files not in the license,add,1.5,2.0,2.7,85,"WhatShouldICharge 2026 median, Social Media Managers $85/hr",128,170,230,0,low,log_only,no,round(hours * rate_usd)
SCA-155,social_mgmt,unlimited_stock,Buy and retouch extra stock the brief excluded,add,2.6,3.5,4.7,85,"WhatShouldICharge 2026 median, Social Media Managers $85/hr",221,298,400,2,low,change_order,no,round(hours * rate_usd)
SCA-156,social_mgmt,on_site_day,Add an on-site day,add,6.0,8.0,10.8,85,"WhatShouldICharge 2026 median, Social Media Managers $85/hr",510,680,918,4,high,change_order,yes,round(hours * rate_usd)
SCA-157,social_mgmt,training_call,Teach their staff the system,add,1.9,2.5,3.4,85,"WhatShouldICharge 2026 median, Social Media Managers $85/hr",162,212,289,0,low,log_only,no,round(hours * rate_usd)
SCA-158,social_mgmt,analytics_setup,Add tracking / events after launch,add,3.0,4.0,5.4,85,"WhatShouldICharge 2026 median, Social Media Managers $85/hr",255,340,459,2,med,change_order,no,round(hours * rate_usd)
SCA-159,social_mgmt,seo_pack,On-page SEO not in the original scope,add,3.8,5.0,6.8,85,"WhatShouldICharge 2026 median, Social Media Managers $85/hr",323,425,578,2,med,change_order,no,round(hours * rate_usd)
SCA-160,social_mgmt,print_adapt,Adapt the digital work to print sizes,add,3.4,4.5,6.1,85,"WhatShouldICharge 2026 median, Social Media Managers $85/hr",289,382,518,2,med,change_order,no,round(hours * rate_usd)
SCA-161,illustration,extra_page,Add one more page / screen,add,2.1,2.8,3.8,100,"WhatShouldICharge 2026 median, Illustrators $100/hr",210,280,380,0,low,log_only,no,round(hours * rate_usd)
SCA-162,illustration,extra_revision_round,Another full revision round,add,3.0,4.0,5.4,100,"WhatShouldICharge 2026 median, Illustrators $100/hr",300,400,540,2,med,change_order,no,round(hours * rate_usd)
SCA-163,illustration,rush_48h,Compress remaining work into 48 hours,add,4.5,6.0,8.1,100,"WhatShouldICharge 2026 median, Illustrators $100/hr",450,600,810,-3,med,change_order,yes,round(hours * rate_usd)
SCA-164,illustration,new_stakeholder_review,Add a second approver mid-stream,add,2.2,3.0,4.1,100,"WhatShouldICharge 2026 median, Illustrators $100/hr",220,300,410,2,low,change_order,no,round(hours * rate_usd)
SCA-165,illustration,competitor_feature_clone,Match a competitor feature not in the brief,add,7.5,10.0,13.5,100,"WhatShouldICharge 2026 median, Illustrators $100/hr",750,1000,1350,8,high,change_order,yes,round(hours * rate_usd)
SCA-166,illustration,cms_blog,Add a blog / CMS after a static sale,add,1.8,2.4,3.2,100,"WhatShouldICharge 2026 median, Illustrators $100/hr",180,240,320,0,low,log_only,no,round(hours * rate_usd)
SCA-167,illustration,auth_login,Add member login / accounts,add,3.0,4.0,5.4,100,"WhatShouldICharge 2026 median, Illustrators $100/hr",300,400,540,2,med,change_order,no,round(hours * rate_usd)
SCA-168,illustration,extra_language,Second language of all copy,add,5.2,7.0,9.5,100,"WhatShouldICharge 2026 median, Illustrators $100/hr",520,700,950,4,med,change_order,yes,round(hours * rate_usd)
SCA-169,illustration,brand_refresh_midjob,New colors/type after design lock,add,4.9,6.5,8.8,100,"WhatShouldICharge 2026 median, Illustrators $100/hr",490,650,880,4,med,change_order,yes,round(hours * rate_usd)
SCA-170,illustration,source_files,Hand over working files not in the license,add,1.5,2.0,2.7,100,"WhatShouldICharge 2026 median, Illustrators $100/hr",150,200,270,0,low,log_only,no,round(hours * rate_usd)
SCA-171,illustration,unlimited_stock,Buy and retouch extra stock the brief excluded,add,2.6,3.5,4.7,100,"WhatShouldICharge 2026 median, Illustrators $100/hr",260,350,470,2,low,change_order,no,round(hours * rate_usd)
SCA-172,illustration,on_site_day,Add an on-site day,add,6.0,8.0,10.8,100,"WhatShouldICharge 2026 median, Illustrators $100/hr",600,800,1080,4,high,change_order,yes,round(hours * rate_usd)
SCA-173,illustration,training_call,Teach their staff the system,add,1.9,2.5,3.4,100,"WhatShouldICharge 2026 median, Illustrators $100/hr",190,250,340,0,low,log_only,no,round(hours * rate_usd)
SCA-174,illustration,analytics_setup,Add tracking / events after launch,add,3.0,4.0,5.4,100,"WhatShouldICharge 2026 median, Illustrators $100/hr",300,400,540,2,med,change_order,no,round(hours * rate_usd)
SCA-175,illustration,seo_pack,On-page SEO not in the original scope,add,1.9,2.5,3.4,100,"WhatShouldICharge 2026 median, Illustrators $100/hr",190,250,340,0,low,log_only,no,round(hours * rate_usd)
SCA-176,illustration,print_adapt,Adapt the digital work to print sizes,add,3.4,4.5,6.1,100,"WhatShouldICharge 2026 median, Illustrators $100/hr",340,450,610,2,med,change_order,no,round(hours * rate_usd)
SCA-177,webflow,extra_page,Add one more page / screen,add,2.6,3.5,4.7,100,"WhatShouldICharge 2026 median, Webflow Developers $100/hr",260,350,470,2,low,change_order,no,round(hours * rate_usd)
SCA-178,webflow,extra_revision_round,Another full revision round,add,3.0,4.0,5.4,100,"WhatShouldICharge 2026 median, Webflow Developers $100/hr",300,400,540,2,med,change_order,no,round(hours * rate_usd)
SCA-179,webflow,rush_48h,Compress remaining work into 48 hours,add,4.5,6.0,8.1,100,"WhatShouldICharge 2026 median, Webflow Developers $100/hr",450,600,810,-3,med,change_order,yes,round(hours * rate_usd)
SCA-180,webflow,new_stakeholder_review,Add a second approver mid-stream,add,2.2,3.0,4.1,100,"WhatShouldICharge 2026 median, Webflow Developers $100/hr",220,300,410,2,low,change_order,no,round(hours * rate_usd)
SCA-181,webflow,competitor_feature_clone,Match a competitor feature not in the brief,add,7.5,10.0,13.5,100,"WhatShouldICharge 2026 median, Webflow Developers $100/hr",750,1000,1350,8,high,change_order,yes,round(hours * rate_usd)
SCA-182,webflow,cms_blog,Add a blog / CMS after a static sale,add,6.9,9.2,12.4,100,"WhatShouldICharge 2026 median, Webflow Developers $100/hr",690,920,1240,4,high,change_order,yes,round(hours * rate_usd)
SCA-183,webflow,auth_login,Add member login / accounts,add,13.8,18.4,24.8,100,"WhatShouldICharge 2026 median, Webflow Developers $100/hr",1380,1840,2480,8,high,change_order,yes,round(hours * rate_usd)
SCA-184,webflow,extra_language,Second language of all copy,add,5.2,7.0,9.5,100,"WhatShouldICharge 2026 median, Webflow Developers $100/hr",520,700,950,4,med,change_order,yes,round(hours * rate_usd)
SCA-185,webflow,brand_refresh_midjob,New colors/type after design lock,add,4.9,6.5,8.8,100,"WhatShouldICharge 2026 median, Webflow Developers $100/hr",490,650,880,4,med,change_order,yes,round(hours * rate_usd)
SCA-186,webflow,source_files,Hand over working files not in the license,add,1.5,2.0,2.7,100,"WhatShouldICharge 2026 median, Webflow Developers $100/hr",150,200,270,0,low,log_only,no,round(hours * rate_usd)
SCA-187,webflow,unlimited_stock,Buy and retouch extra stock the brief excluded,add,2.6,3.5,4.7,100,"WhatShouldICharge 2026 median, Webflow Developers $100/hr",260,350,470,2,low,change_order,no,round(hours * rate_usd)
SCA-188,webflow,on_site_day,Add an on-site day,add,6.0,8.0,10.8,100,"WhatShouldICharge 2026 median, Webflow Developers $100/hr",600,800,1080,4,high,change_order,yes,round(hours * rate_usd)
SCA-189,webflow,training_call,Teach their staff the system,add,1.9,2.5,3.4,100,"WhatShouldICharge 2026 median, Webflow Developers $100/hr",190,250,340,0,low,log_only,no,round(hours * rate_usd)
SCA-190,webflow,analytics_setup,Add tracking / events after launch,add,3.0,4.0,5.4,100,"WhatShouldICharge 2026 median, Webflow Developers $100/hr",300,400,540,2,med,change_order,no,round(hours * rate_usd)
SCA-191,webflow,seo_pack,On-page SEO not in the original scope,add,3.8,5.0,6.8,100,"WhatShouldICharge 2026 median, Webflow Developers $100/hr",380,500,680,2,med,change_order,no,round(hours * rate_usd)
SCA-192,webflow,print_adapt,Adapt the digital work to print sizes,add,3.4,4.5,6.1,100,"WhatShouldICharge 2026 median, Webflow Developers $100/hr",340,450,610,2,med,change_order,no,round(hours * rate_usd)
